{
  "word::חלקית": {
    "pre_mean": 0.05928314206571091,
    "post_mean": 0.021184069680575002,
    "delta": -0.03809907238513591
  },
  "word::תואם": {
    "pre_mean": 0.05799411433871062,
    "post_mean": 0.034184030697377334,
    "delta": -0.023810083641333288
  },
  "clinical::depression_score": {
    "pre_mean": 0.04655493482309125,
    "post_mean": 0.08487084870848705,
    "delta": 0.0383159138853958
  },
  "word::גיל": {
    "pre_mean": 0.04357693393579066,
    "post_mean": 0.017532371673675846,
    "delta": -0.026044562262114813
  },
  "word::תואם גיל": {
    "pre_mean": 0.039544058196896374,
    "post_mean": 0.013980067712526021,
    "delta": -0.02556399048437035
  },
  "word::מלאה": {
    "pre_mean": 0.03881361072276633,
    "post_mean": 0.05230407522090518,
    "delta": 0.01349046449813885
  },
  "word::משתנה": {
    "pre_mean": 0.03745228774174583,
    "post_mean": 0.0033611007475187757,
    "delta": -0.03409118699422706
  },
  "word::חשיבה": {
    "pre_mean": 0.0360671038663677,
    "post_mean": 0.045269992269066216,
    "delta": 0.009202888402698513
  },
  "word::בהתאם": {
    "pre_mean": 0.035236584604330906,
    "post_mean": 0.002719592767614279,
    "delta": -0.03251699183671663
  },
  "word::או": {
    "pre_mean": 0.03320538269878881,
    "post_mean": 0.00791293753387919,
    "delta": -0.02529244516490962
  },
  "word::תקין": {
    "pre_mean": 0.033128052460587816,
    "post_mean": 0.08760761749847572,
    "delta": 0.0544795650378879
  },
  "word::תובנה": {
    "pre_mean": 0.032875417847888555,
    "post_mean": 0.04460456863823831,
    "delta": 0.011729150790349752
  },
  "word::דיבור": {
    "pre_mean": 0.03229112516128979,
    "post_mean": 0.0306758653428359,
    "delta": -0.0016152598184538923
  },
  "word::שמור": {
    "pre_mean": 0.0315008857472308,
    "post_mean": 0.03227771934658272,
    "delta": 0.0007768335993519199
  },
  "word::הכרה": {
    "pre_mean": 0.03145603639977128,
    "post_mean": 0.035441561729273215,
    "delta": 0.003985525329501936
  },
  "word::צלולה": {
    "pre_mean": 0.03145603639977128,
    "post_mean": 0.035648589802009016,
    "delta": 0.004192553402237738
  },
  "word::הכרה צלולה": {
    "pre_mean": 0.03145603639977128,
    "post_mean": 0.03518375570574908,
    "delta": 0.003727719305977803
  },
  "word::מהימנות": {
    "pre_mean": 0.031305644817973786,
    "post_mean": 0.030219944024054226,
    "delta": -0.0010857007939195605
  },
  "word::רוח": {
    "pre_mean": 0.031015821562876637,
    "post_mean": 0.040557464680619985,
    "delta": 0.009541643117743349
  },
  "word::מצב רוח": {
    "pre_mean": 0.031015821562876637,
    "post_mean": 0.040557464680619985,
    "delta": 0.009541643117743349
  },
  "word::מצב": {
    "pre_mean": 0.031015821562876637,
    "post_mean": 0.04091760337605985,
    "delta": 0.00990178181318321
  },
  "word::עין": {
    "pre_mean": 0.03063138383213968,
    "post_mean": 0.032223821101054956,
    "delta": 0.001592437268915274
  },
  "word::תוכן": {
    "pre_mean": 0.030460490932705725,
    "post_mean": 0.035140850599410633,
    "delta": 0.0046803596667049086
  },
  "word::קשר": {
    "pre_mean": 0.030362721586186144,
    "post_mean": 0.03168534640856033,
    "delta": 0.001322624822374184
  },
  "word::קשר עין": {
    "pre_mean": 0.03021959855048357,
    "post_mean": 0.03164542138544043,
    "delta": 0.0014258228349568608
  },
  "word::מהלך": {
    "pre_mean": 0.029083651395032863,
    "post_mean": 0.03753162188711857,
    "delta": 0.008447970492085705
  },
  "word::של": {
    "pre_mean": 0.02904466911708911,
    "post_mean": 0.027940390175995426,
    "delta": -0.0011042789410936858
  },
  "word::אין": {
    "pre_mean": 0.02896878401093915,
    "post_mean": 0.03256875675037733,
    "delta": 0.0035999727394381772
  },
  "word::אך": {
    "pre_mean": 0.028810877991835453,
    "post_mean": 0.0285302311552097,
    "delta": -0.00028064683662575376
  },
  "word::מהלך חשיבה": {
    "pre_mean": 0.028487434401777558,
    "post_mean": 0.03866813630274707,
    "delta": 0.010180701900969511
  },
  "word::והתמצאות": {
    "pre_mean": 0.02843407624799757,
    "post_mean": 0.013846616735159533,
    "delta": -0.014587459512838036
  },
  "word::והתמצאות מלאה": {
    "pre_mean": 0.028186729010595712,
    "post_mean": 0.012867193741105029,
    "delta": -0.015319535269490684
  },
  "word::צלולה והתמצאות": {
    "pre_mean": 0.02806401270313386,
    "post_mean": 0.011895321047648596,
    "delta": -0.016168691655485262
  },
  "word::לבודק": {
    "pre_mean": 0.027978168965941293,
    "post_mean": 0.022759935101004363,
    "delta": -0.00521823386493693
  },
  "word::מראה": {
    "pre_mean": 0.02786548609593468,
    "post_mean": 0.016149163460002603,
    "delta": -0.011716322635932076
  },
  "word::נראה": {
    "pre_mean": 0.027798645336462008,
    "post_mean": 0.025367147342540957,
    "delta": -0.002431497993921051
  },
  "word::אפקט": {
    "pre_mean": 0.02765984114342553,
    "post_mean": 0.047064231403299885,
    "delta": 0.019404390259874355
  },
  "word::בינונית": {
    "pre_mean": 0.027276967192851994,
    "post_mean": 0.0009080416598396496,
    "delta": -0.026368925533012344
  },
  "word::מהימנות בינונית": {
    "pre_mean": 0.027276967192851994,
    "post_mean": 0.0009080416598396496,
    "delta": -0.026368925533012344
  },
  "word::בינונית בהתאם": {
    "pre_mean": 0.02706092594493493,
    "post_mean": 0.0009152504478060867,
    "delta": -0.02614567549712884
  },
  "word::על": {
    "pre_mean": 0.027017554053008416,
    "post_mean": 0.02870166397150933,
    "delta": 0.0016841099185009138
  },
  "word::משתף": {
    "pre_mean": 0.026870319082627277,
    "post_mean": 0.01659624067584919,
    "delta": -0.010274078406778086
  },
  "word::לבוש": {
    "pre_mean": 0.02680576705385703,
    "post_mean": 0.032294417082962226,
    "delta": 0.005488650029105195
  },
  "word::מתאר": {
    "pre_mean": 0.02645344998803815,
    "post_mean": 0.009967508764961575,
    "delta": -0.016485941223076575
  },
  "word::בהתאם לדיווח": {
    "pre_mean": 0.02644836479564578,
    "post_mean": 0.000922580397529749,
    "delta": -0.025525784398116032
  },
  "word::לדיווח": {
    "pre_mean": 0.02644836479564578,
    "post_mean": 0.000922580397529749,
    "delta": -0.025525784398116032
  },
  "word::פעולה": {
    "pre_mean": 0.026383862875010627,
    "post_mean": 0.015568606252934023,
    "delta": -0.010815256622076604
  },
  "word::מציאות": {
    "pre_mean": 0.026269899066152427,
    "post_mean": 0.0423424389143393,
    "delta": 0.016072539848186875
  },
  "word::משתף פעולה": {
    "pre_mean": 0.02624275715397465,
    "post_mean": 0.01517102583699195,
    "delta": -0.011071731316982702
  },
  "word::בוחן מציאות": {
    "pre_mean": 0.02611200770052408,
    "post_mean": 0.042387202115162816,
    "delta": 0.016275194414638736
  },
  "_PSI": {
    "psi": 1.943313790477403
  },
  "_KL": {
    "kl": 0.3833038660521516
  }
}