{
  "f1_macro": 0.814130582284347,
  "f1_micro": 0.8154981549815498,
  "aupr_per_class": {
    "ביפולר": 0.8313622839436977,
    "דיכאון": 0.9305029176603468,
    "הפרעה טורדנית כפייתית": 0.9214482493685519,
    "חרדה": 0.9189839399707277,
    "סכיזופרניה": 0.9597218968656533,
    "פוסט טראומה": 0.9447251445522565
  },
  "brier_ovr_mean": 0.051964807640042736
}