{
  "soldier_flag=False": {
    "f1_macro": 0.8181573736310931,
    "f1_micro": 0.8271028037383178,
    "aupr_per_class": {
      "ביפולר": 0.8374573922412406,
      "דיכאון": 0.9300304462425001,
      "הפרעה טורדנית כפייתית": 0.9322319023930038,
      "חרדה": 0.95766722407925,
      "סכיזופרניה": 0.9704550598392511,
      "פוסט טראומה": 0.9124159860375403
    },
    "brier_ovr_mean": 0.048787068563472986
  },
  "soldier_flag=True": {
    "f1_macro": 0.716023205147692,
    "f1_micro": 0.7719298245614035,
    "aupr_per_class": {
      "ביפולר": 0.8958333333333334,
      "דיכאון": 0.9682539682539681,
      "הפרעה טורדנית כפייתית": 0.625,
      "חרדה": 0.6781339031339031,
      "סכיזופרניה": 0.9406593406593406,
      "פוסט טראומה": 0.9585447215101419
    },
    "brier_ovr_mean": 0.0638952666292695
  },
  "gender=זכר": {
    "f1_macro": 0.831543043492729,
    "f1_micro": 0.8357142857142857,
    "aupr_per_class": {
      "ביפולר": 0.8338283471701955,
      "דיכאון": 0.9720186335403727,
      "הפרעה טורדנית כפייתית": 0.9262979799874423,
      "חרדה": 0.9530686836114485,
      "סכיזופרניה": 0.9567790808100884,
      "פוסט טראומה": 0.9657978573408814
    },
    "brier_ovr_mean": 0.05004156662545595
  },
  "gender=נקבה": {
    "f1_macro": 0.786932965001916,
    "f1_micro": 0.7938931297709924,
    "aupr_per_class": {
      "ביפולר": 0.8364478114478114,
      "דיכאון": 0.9066831090437334,
      "הפרעה טורדנית כפייתית": 0.9197249999192485,
      "חרדה": 0.9044694468202784,
      "סכיזופרניה": 0.9642320113304133,
      "פוסט טראומה": 0.8785944239369161
    },
    "brier_ovr_mean": 0.05402017971670037
  },
  "age_group=<=25": {
    "f1_macro": 0.8767872366337839,
    "f1_micro": 0.8793103448275862,
    "aupr_per_class": {
      "ביפולר": 1.0,
      "דיכאון": 0.9682539682539681,
      "הפרעה טורדנית כפייתית": 0.986013986013986,
      "חרדה": 0.9556179115002643,
      "סכיזופרניה": 0.9666666666666666,
      "פוסט טראומה": 0.9526289682539683
    },
    "brier_ovr_mean": 0.04634572274342099
  },
  "age_group=26-40": {
    "f1_macro": 0.8532728817343945,
    "f1_micro": 0.8540145985401459,
    "aupr_per_class": {
      "ביפולר": 0.8991266549292272,
      "דיכאון": 0.8764746518913185,
      "הפרעה טורדנית כפייתית": 0.9334127225693308,
      "חרדה": 0.9012924210292628,
      "סכיזופרניה": 0.9818511796733209,
      "פוסט טראומה": 0.9492299157567559
    },
    "brier_ovr_mean": 0.0468026905290387
  },
  "age_group=41-60": {
    "f1_macro": 0.6609297135612925,
    "f1_micro": 0.6933333333333334,
    "aupr_per_class": {
      "ביפולר": 0.5759592159048681,
      "דיכאון": 0.9770833333333333,
      "הפרעה טורדנית כפייתית": 0.8357142857142856,
      "חרדה": 0.9544300144300144,
      "סכיזופרניה": 0.925823182808477,
      "פוסט טראומה": 0.9253086419753087
    },
    "brier_ovr_mean": 0.06616456443671169
  },
  "age_group=60+": {
    "f1_macro": 1.0,
    "f1_micro": 1.0,
    "aupr_per_class": {
      "ביפולר": 0.0,
      "דיכאון": 1.0,
      "הפרעה טורדנית כפייתית": 0.0,
      "חרדה": 0.0,
      "סכיזופרניה": 0.0,
      "פוסט טראומה": 0.0
    },
    "brier_ovr_mean": 0.020100016101486328
  }
}